<?xml version="1.0" encoding="UTF-8"?>
<project-private xmlns="http://www.netbeans.org/ns/project-private/1">
    <editor-bookmarks xmlns="http://www.netbeans.org/ns/editor-bookmarks/2" lastBookmarkId="0"/>
    <open-files xmlns="http://www.netbeans.org/ns/projectui-open-files/2">
        <group>
            <file>file:/C:/Users/giarr/Documents/NetBeansProjects/Febbraio2021/src/java/it/giarre/classes/Gioco.java</file>
            <file>file:/C:/Users/giarr/Documents/NetBeansProjects/Febbraio2021/web/WEB-INF/Gioco.jsp</file>
            <file>file:/C:/Users/giarr/Documents/NetBeansProjects/Febbraio2021/web/WEB-INF/Welcome.jsp</file>
            <file>file:/C:/Users/giarr/Documents/NetBeansProjects/Febbraio2021/src/java/it/giarre/servlet/Welcome.java</file>
            <file>file:/C:/Users/giarr/Documents/NetBeansProjects/Febbraio2021/web/master.css</file>
            <file>file:/C:/Users/giarr/Documents/NetBeansProjects/Febbraio2021/src/java/it/giarre/servlet/Verifica.java</file>
            <file>file:/C:/Users/giarr/Documents/NetBeansProjects/Febbraio2021/src/java/it/giarre/servlet/Game.java</file>
        </group>
    </open-files>
</project-private>
