<?xml version="1.0" encoding="UTF-8"?>
<project-private xmlns="http://www.netbeans.org/ns/project-private/1">
    <editor-bookmarks xmlns="http://www.netbeans.org/ns/editor-bookmarks/2" lastBookmarkId="0"/>
    <open-files xmlns="http://www.netbeans.org/ns/projectui-open-files/2">
        <group>
            <file>file:/C:/Users/giarr/Documents/NetBeansProjects/Sudoku_JSP/src/java/it/giarre/helper/Initializer.java</file>
            <file>file:/C:/Users/giarr/Documents/NetBeansProjects/Sudoku_JSP/src/java/it/giarre/servlet/PageB.java</file>
            <file>file:/C:/Users/giarr/Documents/NetBeansProjects/Sudoku_JSP/web/WEB-INF/navbar.jsp</file>
            <file>file:/C:/Users/giarr/Documents/NetBeansProjects/Sudoku_JSP/src/java/it/giarre/servlet/Logoff.java</file>
            <file>file:/C:/Users/giarr/Documents/NetBeansProjects/Sudoku_JSP/web/index.html</file>
            <file>file:/C:/Users/giarr/Documents/NetBeansProjects/Sudoku_JSP/src/java/it/giarre/classes/Albergo.java</file>
            <file>file:/C:/Users/giarr/Documents/NetBeansProjects/Sudoku_JSP/src/java/it/giarre/classes/Alloggio.java</file>
            <file>file:/C:/Users/giarr/Documents/NetBeansProjects/Sudoku_JSP/web/WEB-INF/A.jsp</file>
            <file>file:/C:/Users/giarr/Documents/NetBeansProjects/Sudoku_JSP/src/java/it/giarre/servlet/Login.java</file>
            <file>file:/C:/Users/giarr/Documents/NetBeansProjects/Sudoku_JSP/src/java/it/giarre/classes/Appartamento.java</file>
            <file>file:/C:/Users/giarr/Documents/NetBeansProjects/Sudoku_JSP/web/WEB-INF/B.jsp</file>
            <file>file:/C:/Users/giarr/Documents/NetBeansProjects/Sudoku_JSP/web/WEB-INF/C.jsp</file>
            <file>file:/C:/Users/giarr/Documents/NetBeansProjects/Sudoku_JSP/web/WEB-INF/web.xml</file>
            <file>file:/C:/Users/giarr/Documents/NetBeansProjects/Sudoku_JSP/src/java/it/giarre/classes/Pensione.java</file>
            <file>file:/C:/Users/giarr/Documents/NetBeansProjects/Sudoku_JSP/src/java/it/giarre/servlet/PageA.java</file>
        </group>
    </open-files>
</project-private>
