<?xml version="1.0" encoding="UTF-8"?>
<project-private xmlns="http://www.netbeans.org/ns/project-private/1">
    <editor-bookmarks xmlns="http://www.netbeans.org/ns/editor-bookmarks/2" lastBookmarkId="0"/>
    <open-files xmlns="http://www.netbeans.org/ns/projectui-open-files/2">
        <group>
            <file>file:/C:/Users/giarr/Documents/NetBeansProjects/ChatRoom/web/WEB-INF/Stanza.jsp</file>
            <file>file:/C:/Users/giarr/Documents/NetBeansProjects/ChatRoom/web/WEB-INF/web.xml</file>
            <file>file:/C:/Users/giarr/Documents/NetBeansProjects/ChatRoom/web/WEB-INF/Home.jsp</file>
            <file>file:/C:/Users/giarr/Documents/NetBeansProjects/ChatRoom/src/java/servlet/Welcome.java</file>
            <file>file:/C:/Users/giarr/Documents/NetBeansProjects/ChatRoom/web/WEB-INF/Login.jsp</file>
            <file>file:/C:/Users/giarr/Documents/NetBeansProjects/ChatRoom/src/java/classi/Stanza.java</file>
            <file>file:/C:/Users/giarr/Documents/NetBeansProjects/ChatRoom/src/java/classi/Messaggio.java</file>
            <file>file:/C:/Users/giarr/Documents/NetBeansProjects/ChatRoom/src/java/servlet/Login.java</file>
            <file>file:/C:/Users/giarr/Documents/NetBeansProjects/ChatRoom/src/java/servlet/Add.java</file>
            <file>file:/C:/Users/giarr/Documents/NetBeansProjects/ChatRoom/src/java/servlet/Stanzone.java</file>
            <file>file:/C:/Users/giarr/Documents/NetBeansProjects/ChatRoom/src/java/servlet/AddMessage.java</file>
        </group>
    </open-files>
</project-private>
